operation,va util,total cycle,compute cycle,io cycle,current cycle,memory bw,sram occupancy,sa util
layernorm(MHA),0.8733624454148471,714.0,458.0,256,714.0,100,1.5625,0
q projection,0,2080,0,2080,2080,100,12.6953125,3.188775510204082
q projection,0,4130,502,2050,2050,100,12.51220703125,3.188775510204082
q projection,0,6180,502,2050,2050,100,12.51220703125,3.188775510204082
q projection,0,8230,502,2050,2050,100,12.51220703125,3.188775510204082
q projection,0,10280,502,2050,2050,100,12.51220703125,3.188775510204082
q projection,0,12330,502,2050,2050,100,12.51220703125,3.188775510204082
q projection,0,14380,502,2050,2050,100,12.51220703125,3.188775510204082
q projection,0,16430,502,2050,2050,100,12.51220703125,3.188775510204082
q projection,0,18480,502,2050,2050,100,12.51220703125,3.188775510204082
q projection,0,20530,502,2050,2050,100,12.51220703125,3.188775510204082
q projection,0,22580,502,2050,2050,100,12.51220703125,3.188775510204082
q projection,0,24630,502,2050,2050,100,12.51220703125,3.188775510204082
q projection,0,26680,502,2050,2050,100,12.51220703125,3.188775510204082
q projection,0,28730,502,2050,2050,100,12.51220703125,3.188775510204082
q projection,0,30780,502,2050,2050,100,12.51220703125,3.188775510204082
q projection,0,32830,502,2050,2050,100,12.51220703125,3.188775510204082
q projection,0,34880,502,2050,2050,100,12.51220703125,3.188775510204082
q projection,0,36930,502,2050,2050,100,12.51220703125,3.188775510204082
q projection,0,38980,502,2050,2050,100,12.51220703125,3.188775510204082
q projection,0,41030,502,2050,2050,100,12.51220703125,3.188775510204082
q projection,0,43080,502,2050,2050,100,12.51220703125,3.188775510204082
q projection,0,45130,502,2050,2050,100,12.51220703125,3.188775510204082
q projection,0,47180,502,2050,2050,100,12.51220703125,3.188775510204082
q projection,0,49230,502,2050,2050,100,12.51220703125,3.188775510204082
q projection,0,51280,502,2050,2050,100,12.51220703125,3.188775510204082
q projection,0,53330,502,2050,2050,100,12.51220703125,3.188775510204082
q projection,0,55380,502,2050,2050,100,12.51220703125,3.188775510204082
q projection,0,57430,502,2050,2050,100,12.51220703125,3.188775510204082
q projection,0,59480,502,2050,2050,100,12.51220703125,3.188775510204082
q projection,0,61530,502,2050,2050,100,12.51220703125,3.188775510204082
q projection,0,63580,502,2050,2050,100,12.51220703125,3.188775510204082
q projection,0,65630,502,2050,2050,100,12.51220703125,3.188775510204082
q projection,0,67714,502,2084,2084,100,12.7197265625,3.188775510204082
q projection,0,69766,506,2052,2052,100,12.5244140625,3.188775510204082
q projection,0,71818,506,2052,2052,100,12.5244140625,3.188775510204082
q projection,0,73870,506,2052,2052,100,12.5244140625,3.188775510204082
q projection,0,75922,506,2052,2052,100,12.5244140625,3.188775510204082
q projection,0,77974,506,2052,2052,100,12.5244140625,3.188775510204082
q projection,0,80026,506,2052,2052,100,12.5244140625,3.188775510204082
q projection,0,82078,506,2052,2052,100,12.5244140625,3.188775510204082
q projection,0,84130,506,2052,2052,100,12.5244140625,3.188775510204082
q projection,0,86182,506,2052,2052,100,12.5244140625,3.188775510204082
q projection,0,88234,506,2052,2052,100,12.5244140625,3.188775510204082
q projection,0,90286,506,2052,2052,100,12.5244140625,3.188775510204082
q projection,0,92338,506,2052,2052,100,12.5244140625,3.188775510204082
q projection,0,94390,506,2052,2052,100,12.5244140625,3.188775510204082
q projection,0,96442,506,2052,2052,100,12.5244140625,3.188775510204082
q projection,0,98494,506,2052,2052,100,12.5244140625,3.188775510204082
q projection,0,100546,506,2052,2052,100,12.5244140625,3.188775510204082
q projection,0,102598,506,2052,2052,100,12.5244140625,3.188775510204082
q projection,0,104650,506,2052,2052,100,12.5244140625,3.188775510204082
q projection,0,106702,506,2052,2052,100,12.5244140625,3.188775510204082
q projection,0,108754,506,2052,2052,100,12.5244140625,3.188775510204082
q projection,0,110806,506,2052,2052,100,12.5244140625,3.188775510204082
q projection,0,112858,506,2052,2052,100,12.5244140625,3.188775510204082
q projection,0,114910,506,2052,2052,100,12.5244140625,3.188775510204082
q projection,0,116962,506,2052,2052,100,12.5244140625,3.188775510204082
q projection,0,119014,506,2052,2052,100,12.5244140625,3.188775510204082
q projection,0,121066,506,2052,2052,100,12.5244140625,3.188775510204082
q projection,0,123118,506,2052,2052,100,12.5244140625,3.188775510204082
q projection,0,125170,506,2052,2052,100,12.5244140625,3.188775510204082
q projection,0,127222,506,2052,2052,100,12.5244140625,3.188775510204082
q projection,0,129274,506,2052,2052,100,12.5244140625,3.188775510204082
q projection,0,131326,506,2052,2052,100,12.5244140625,3.188775510204082
q projection,0,131834,506,2,508,100,12.5244140625,3.188775510204082
k projection,0,2080,0,2080,2080,100,12.6953125,3.188775510204082
k projection,0,4130,502,2050,2050,100,12.51220703125,3.188775510204082
k projection,0,6180,502,2050,2050,100,12.51220703125,3.188775510204082
k projection,0,8230,502,2050,2050,100,12.51220703125,3.188775510204082
k projection,0,10280,502,2050,2050,100,12.51220703125,3.188775510204082
k projection,0,12330,502,2050,2050,100,12.51220703125,3.188775510204082
k projection,0,14380,502,2050,2050,100,12.51220703125,3.188775510204082
k projection,0,16430,502,2050,2050,100,12.51220703125,3.188775510204082
k projection,0,18480,502,2050,2050,100,12.51220703125,3.188775510204082
k projection,0,20530,502,2050,2050,100,12.51220703125,3.188775510204082
k projection,0,22580,502,2050,2050,100,12.51220703125,3.188775510204082
k projection,0,24630,502,2050,2050,100,12.51220703125,3.188775510204082
k projection,0,26680,502,2050,2050,100,12.51220703125,3.188775510204082
k projection,0,28730,502,2050,2050,100,12.51220703125,3.188775510204082
k projection,0,30780,502,2050,2050,100,12.51220703125,3.188775510204082
k projection,0,32830,502,2050,2050,100,12.51220703125,3.188775510204082
k projection,0,34880,502,2050,2050,100,12.51220703125,3.188775510204082
k projection,0,36930,502,2050,2050,100,12.51220703125,3.188775510204082
k projection,0,38980,502,2050,2050,100,12.51220703125,3.188775510204082
k projection,0,41030,502,2050,2050,100,12.51220703125,3.188775510204082
k projection,0,43080,502,2050,2050,100,12.51220703125,3.188775510204082
k projection,0,45130,502,2050,2050,100,12.51220703125,3.188775510204082
k projection,0,47180,502,2050,2050,100,12.51220703125,3.188775510204082
k projection,0,49230,502,2050,2050,100,12.51220703125,3.188775510204082
k projection,0,51280,502,2050,2050,100,12.51220703125,3.188775510204082
k projection,0,53330,502,2050,2050,100,12.51220703125,3.188775510204082
k projection,0,55380,502,2050,2050,100,12.51220703125,3.188775510204082
k projection,0,57430,502,2050,2050,100,12.51220703125,3.188775510204082
k projection,0,59480,502,2050,2050,100,12.51220703125,3.188775510204082
k projection,0,61530,502,2050,2050,100,12.51220703125,3.188775510204082
k projection,0,63580,502,2050,2050,100,12.51220703125,3.188775510204082
k projection,0,65630,502,2050,2050,100,12.51220703125,3.188775510204082
k projection,0,67714,502,2084,2084,100,12.7197265625,3.188775510204082
k projection,0,69766,506,2052,2052,100,12.5244140625,3.188775510204082
k projection,0,71818,506,2052,2052,100,12.5244140625,3.188775510204082
k projection,0,73870,506,2052,2052,100,12.5244140625,3.188775510204082
k projection,0,75922,506,2052,2052,100,12.5244140625,3.188775510204082
k projection,0,77974,506,2052,2052,100,12.5244140625,3.188775510204082
k projection,0,80026,506,2052,2052,100,12.5244140625,3.188775510204082
k projection,0,82078,506,2052,2052,100,12.5244140625,3.188775510204082
k projection,0,84130,506,2052,2052,100,12.5244140625,3.188775510204082
k projection,0,86182,506,2052,2052,100,12.5244140625,3.188775510204082
k projection,0,88234,506,2052,2052,100,12.5244140625,3.188775510204082
k projection,0,90286,506,2052,2052,100,12.5244140625,3.188775510204082
k projection,0,92338,506,2052,2052,100,12.5244140625,3.188775510204082
k projection,0,94390,506,2052,2052,100,12.5244140625,3.188775510204082
k projection,0,96442,506,2052,2052,100,12.5244140625,3.188775510204082
k projection,0,98494,506,2052,2052,100,12.5244140625,3.188775510204082
k projection,0,100546,506,2052,2052,100,12.5244140625,3.188775510204082
k projection,0,102598,506,2052,2052,100,12.5244140625,3.188775510204082
k projection,0,104650,506,2052,2052,100,12.5244140625,3.188775510204082
k projection,0,106702,506,2052,2052,100,12.5244140625,3.188775510204082
k projection,0,108754,506,2052,2052,100,12.5244140625,3.188775510204082
k projection,0,110806,506,2052,2052,100,12.5244140625,3.188775510204082
k projection,0,112858,506,2052,2052,100,12.5244140625,3.188775510204082
k projection,0,114910,506,2052,2052,100,12.5244140625,3.188775510204082
k projection,0,116962,506,2052,2052,100,12.5244140625,3.188775510204082
k projection,0,119014,506,2052,2052,100,12.5244140625,3.188775510204082
k projection,0,121066,506,2052,2052,100,12.5244140625,3.188775510204082
k projection,0,123118,506,2052,2052,100,12.5244140625,3.188775510204082
k projection,0,125170,506,2052,2052,100,12.5244140625,3.188775510204082
k projection,0,127222,506,2052,2052,100,12.5244140625,3.188775510204082
k projection,0,129274,506,2052,2052,100,12.5244140625,3.188775510204082
k projection,0,131326,506,2052,2052,100,12.5244140625,3.188775510204082
k projection,0,131834,506,2,508,100,12.5244140625,3.188775510204082
v projection,0,2080,0,2080,2080,100,12.6953125,3.188775510204082
v projection,0,4130,502,2050,2050,100,12.51220703125,3.188775510204082
v projection,0,6180,502,2050,2050,100,12.51220703125,3.188775510204082
v projection,0,8230,502,2050,2050,100,12.51220703125,3.188775510204082
v projection,0,10280,502,2050,2050,100,12.51220703125,3.188775510204082
v projection,0,12330,502,2050,2050,100,12.51220703125,3.188775510204082
v projection,0,14380,502,2050,2050,100,12.51220703125,3.188775510204082
v projection,0,16430,502,2050,2050,100,12.51220703125,3.188775510204082
v projection,0,18480,502,2050,2050,100,12.51220703125,3.188775510204082
v projection,0,20530,502,2050,2050,100,12.51220703125,3.188775510204082
v projection,0,22580,502,2050,2050,100,12.51220703125,3.188775510204082
v projection,0,24630,502,2050,2050,100,12.51220703125,3.188775510204082
v projection,0,26680,502,2050,2050,100,12.51220703125,3.188775510204082
v projection,0,28730,502,2050,2050,100,12.51220703125,3.188775510204082
v projection,0,30780,502,2050,2050,100,12.51220703125,3.188775510204082
v projection,0,32830,502,2050,2050,100,12.51220703125,3.188775510204082
v projection,0,34880,502,2050,2050,100,12.51220703125,3.188775510204082
v projection,0,36930,502,2050,2050,100,12.51220703125,3.188775510204082
v projection,0,38980,502,2050,2050,100,12.51220703125,3.188775510204082
v projection,0,41030,502,2050,2050,100,12.51220703125,3.188775510204082
v projection,0,43080,502,2050,2050,100,12.51220703125,3.188775510204082
v projection,0,45130,502,2050,2050,100,12.51220703125,3.188775510204082
v projection,0,47180,502,2050,2050,100,12.51220703125,3.188775510204082
v projection,0,49230,502,2050,2050,100,12.51220703125,3.188775510204082
v projection,0,51280,502,2050,2050,100,12.51220703125,3.188775510204082
v projection,0,53330,502,2050,2050,100,12.51220703125,3.188775510204082
v projection,0,55380,502,2050,2050,100,12.51220703125,3.188775510204082
v projection,0,57430,502,2050,2050,100,12.51220703125,3.188775510204082
v projection,0,59480,502,2050,2050,100,12.51220703125,3.188775510204082
v projection,0,61530,502,2050,2050,100,12.51220703125,3.188775510204082
v projection,0,63580,502,2050,2050,100,12.51220703125,3.188775510204082
v projection,0,65630,502,2050,2050,100,12.51220703125,3.188775510204082
v projection,0,67714,502,2084,2084,100,12.7197265625,3.188775510204082
v projection,0,69766,506,2052,2052,100,12.5244140625,3.188775510204082
v projection,0,71818,506,2052,2052,100,12.5244140625,3.188775510204082
v projection,0,73870,506,2052,2052,100,12.5244140625,3.188775510204082
v projection,0,75922,506,2052,2052,100,12.5244140625,3.188775510204082
v projection,0,77974,506,2052,2052,100,12.5244140625,3.188775510204082
v projection,0,80026,506,2052,2052,100,12.5244140625,3.188775510204082
v projection,0,82078,506,2052,2052,100,12.5244140625,3.188775510204082
v projection,0,84130,506,2052,2052,100,12.5244140625,3.188775510204082
v projection,0,86182,506,2052,2052,100,12.5244140625,3.188775510204082
v projection,0,88234,506,2052,2052,100,12.5244140625,3.188775510204082
v projection,0,90286,506,2052,2052,100,12.5244140625,3.188775510204082
v projection,0,92338,506,2052,2052,100,12.5244140625,3.188775510204082
v projection,0,94390,506,2052,2052,100,12.5244140625,3.188775510204082
v projection,0,96442,506,2052,2052,100,12.5244140625,3.188775510204082
v projection,0,98494,506,2052,2052,100,12.5244140625,3.188775510204082
v projection,0,100546,506,2052,2052,100,12.5244140625,3.188775510204082
v projection,0,102598,506,2052,2052,100,12.5244140625,3.188775510204082
v projection,0,104650,506,2052,2052,100,12.5244140625,3.188775510204082
v projection,0,106702,506,2052,2052,100,12.5244140625,3.188775510204082
v projection,0,108754,506,2052,2052,100,12.5244140625,3.188775510204082
v projection,0,110806,506,2052,2052,100,12.5244140625,3.188775510204082
v projection,0,112858,506,2052,2052,100,12.5244140625,3.188775510204082
v projection,0,114910,506,2052,2052,100,12.5244140625,3.188775510204082
v projection,0,116962,506,2052,2052,100,12.5244140625,3.188775510204082
v projection,0,119014,506,2052,2052,100,12.5244140625,3.188775510204082
v projection,0,121066,506,2052,2052,100,12.5244140625,3.188775510204082
v projection,0,123118,506,2052,2052,100,12.5244140625,3.188775510204082
v projection,0,125170,506,2052,2052,100,12.5244140625,3.188775510204082
v projection,0,127222,506,2052,2052,100,12.5244140625,3.188775510204082
v projection,0,129274,506,2052,2052,100,12.5244140625,3.188775510204082
v projection,0,131326,506,2052,2052,100,12.5244140625,3.188775510204082
v projection,0,131834,506,2,508,100,12.5244140625,3.188775510204082
q_mul_k,0,2080,0,2080,2080,100,12.6953125,3.188775510204082
q_mul_k,0,4130,502,2050,2050,100,12.51220703125,3.188775510204082
q_mul_k,0,6180,502,2050,2050,100,12.51220703125,3.188775510204082
q_mul_k,0,8230,502,2050,2050,100,12.51220703125,3.188775510204082
q_mul_k,0,10280,502,2050,2050,100,12.51220703125,3.188775510204082
q_mul_k,0,12330,502,2050,2050,100,12.51220703125,3.188775510204082
q_mul_k,0,14380,502,2050,2050,100,12.51220703125,3.188775510204082
q_mul_k,0,16430,502,2050,2050,100,12.51220703125,3.188775510204082
q_mul_k,0,18480,502,2050,2050,100,12.51220703125,3.188775510204082
q_mul_k,0,20530,502,2050,2050,100,12.51220703125,3.188775510204082
q_mul_k,0,22580,502,2050,2050,100,12.51220703125,3.188775510204082
q_mul_k,0,24630,502,2050,2050,100,12.51220703125,3.188775510204082
q_mul_k,0,26680,502,2050,2050,100,12.51220703125,3.188775510204082
q_mul_k,0,28730,502,2050,2050,100,12.51220703125,3.188775510204082
q_mul_k,0,30780,502,2050,2050,100,12.51220703125,3.188775510204082
q_mul_k,0,32830,502,2050,2050,100,12.51220703125,3.188775510204082
q_mul_k,0,34880,502,2050,2050,100,12.51220703125,3.188775510204082
q_mul_k,0,36930,502,2050,2050,100,12.51220703125,3.188775510204082
q_mul_k,0,38980,502,2050,2050,100,12.51220703125,3.188775510204082
q_mul_k,0,41030,502,2050,2050,100,12.51220703125,3.188775510204082
q_mul_k,0,43080,502,2050,2050,100,12.51220703125,3.188775510204082
q_mul_k,0,45130,502,2050,2050,100,12.51220703125,3.188775510204082
q_mul_k,0,47180,502,2050,2050,100,12.51220703125,3.188775510204082
q_mul_k,0,49230,502,2050,2050,100,12.51220703125,3.188775510204082
q_mul_k,0,51280,502,2050,2050,100,12.51220703125,3.188775510204082
q_mul_k,0,53330,502,2050,2050,100,12.51220703125,3.188775510204082
q_mul_k,0,55380,502,2050,2050,100,12.51220703125,3.188775510204082
q_mul_k,0,57430,502,2050,2050,100,12.51220703125,3.188775510204082
q_mul_k,0,59480,502,2050,2050,100,12.51220703125,3.188775510204082
q_mul_k,0,61530,502,2050,2050,100,12.51220703125,3.188775510204082
q_mul_k,0,63580,502,2050,2050,100,12.51220703125,3.188775510204082
q_mul_k,0,65630,502,2050,2050,100,12.51220703125,3.188775510204082
q_mul_k,0,67680,502,2050,2050,100,12.51220703125,3.188775510204082
q_mul_k,0,69730,502,2050,2050,100,12.51220703125,3.188775510204082
q_mul_k,0,71780,502,2050,2050,100,12.51220703125,3.188775510204082
q_mul_k,0,73830,502,2050,2050,100,12.51220703125,3.188775510204082
q_mul_k,0,75880,502,2050,2050,100,12.51220703125,3.188775510204082
q_mul_k,0,77930,502,2050,2050,100,12.51220703125,3.188775510204082
q_mul_k,0,79980,502,2050,2050,100,12.51220703125,3.188775510204082
q_mul_k,0,82030,502,2050,2050,100,12.51220703125,3.188775510204082
q_mul_k,0,84080,502,2050,2050,100,12.51220703125,3.188775510204082
q_mul_k,0,86130,502,2050,2050,100,12.51220703125,3.188775510204082
q_mul_k,0,88180,502,2050,2050,100,12.51220703125,3.188775510204082
q_mul_k,0,90230,502,2050,2050,100,12.51220703125,3.188775510204082
q_mul_k,0,92280,502,2050,2050,100,12.51220703125,3.188775510204082
q_mul_k,0,94330,502,2050,2050,100,12.51220703125,3.188775510204082
q_mul_k,0,96380,502,2050,2050,100,12.51220703125,3.188775510204082
q_mul_k,0,98430,502,2050,2050,100,12.51220703125,3.188775510204082
q_mul_k,0,100480,502,2050,2050,100,12.51220703125,3.188775510204082
q_mul_k,0,102530,502,2050,2050,100,12.51220703125,3.188775510204082
q_mul_k,0,104580,502,2050,2050,100,12.51220703125,3.188775510204082
q_mul_k,0,106630,502,2050,2050,100,12.51220703125,3.188775510204082
q_mul_k,0,108680,502,2050,2050,100,12.51220703125,3.188775510204082
q_mul_k,0,110730,502,2050,2050,100,12.51220703125,3.188775510204082
q_mul_k,0,112780,502,2050,2050,100,12.51220703125,3.188775510204082
q_mul_k,0,114830,502,2050,2050,100,12.51220703125,3.188775510204082
q_mul_k,0,116880,502,2050,2050,100,12.51220703125,3.188775510204082
q_mul_k,0,118930,502,2050,2050,100,12.51220703125,3.188775510204082
q_mul_k,0,120980,502,2050,2050,100,12.51220703125,3.188775510204082
q_mul_k,0,123030,502,2050,2050,100,12.51220703125,3.188775510204082
q_mul_k,0,125080,502,2050,2050,100,12.51220703125,3.188775510204082
q_mul_k,0,127130,502,2050,2050,100,12.51220703125,3.188775510204082
q_mul_k,0,129180,502,2050,2050,100,12.51220703125,3.188775510204082
q_mul_k,0,131230,502,2050,2050,100,12.51220703125,3.188775510204082
q_mul_k,0,133280,502,2050,2050,100,12.51220703125,3.188775510204082
q_mul_k,0,135330,502,2050,2050,100,12.51220703125,3.188775510204082
q_mul_k,0,137380,502,2050,2050,100,12.51220703125,3.188775510204082
q_mul_k,0,139430,502,2050,2050,100,12.51220703125,3.188775510204082
q_mul_k,0,141480,502,2050,2050,100,12.51220703125,3.188775510204082
q_mul_k,0,143530,502,2050,2050,100,12.51220703125,3.188775510204082
q_mul_k,0,145580,502,2050,2050,100,12.51220703125,3.188775510204082
q_mul_k,0,147630,502,2050,2050,100,12.51220703125,3.188775510204082
q_mul_k,0,149680,502,2050,2050,100,12.51220703125,3.188775510204082
q_mul_k,0,151730,502,2050,2050,100,12.51220703125,3.188775510204082
q_mul_k,0,153780,502,2050,2050,100,12.51220703125,3.188775510204082
q_mul_k,0,155830,502,2050,2050,100,12.51220703125,3.188775510204082
q_mul_k,0,157880,502,2050,2050,100,12.51220703125,3.188775510204082
q_mul_k,0,159930,502,2050,2050,100,12.51220703125,3.188775510204082
q_mul_k,0,161980,502,2050,2050,100,12.51220703125,3.188775510204082
q_mul_k,0,164030,502,2050,2050,100,12.51220703125,3.188775510204082
q_mul_k,0,164534,502,34,504,100,0.20751953125,3.188775510204082
q_mul_k,0,166617,272,2083,2083,100,12.707710266113281,3.188775510204082
q_mul_k,0,168669,506,2052,2052,100,12.5244140625,3.188775510204082
q_mul_k,0,170721,506,2052,2052,100,12.5244140625,3.188775510204082
q_mul_k,0,172773,506,2052,2052,100,12.5244140625,3.188775510204082
q_mul_k,0,174825,506,2052,2052,100,12.5244140625,3.188775510204082
q_mul_k,0,176877,506,2052,2052,100,12.5244140625,3.188775510204082
q_mul_k,0,178929,506,2052,2052,100,12.5244140625,3.188775510204082
q_mul_k,0,180981,506,2052,2052,100,12.5244140625,3.188775510204082
q_mul_k,0,183033,506,2052,2052,100,12.5244140625,3.188775510204082
q_mul_k,0,185085,506,2052,2052,100,12.5244140625,3.188775510204082
q_mul_k,0,187137,506,2052,2052,100,12.5244140625,3.188775510204082
q_mul_k,0,189189,506,2052,2052,100,12.5244140625,3.188775510204082
q_mul_k,0,191241,506,2052,2052,100,12.5244140625,3.188775510204082
q_mul_k,0,193293,506,2052,2052,100,12.5244140625,3.188775510204082
q_mul_k,0,195345,506,2052,2052,100,12.5244140625,3.188775510204082
q_mul_k,0,197397,506,2052,2052,100,12.5244140625,3.188775510204082
q_mul_k,0,199449,506,2052,2052,100,12.5244140625,3.188775510204082
q_mul_k,0,201501,506,2052,2052,100,12.5244140625,3.188775510204082
q_mul_k,0,203553,506,2052,2052,100,12.5244140625,3.188775510204082
q_mul_k,0,205605,506,2052,2052,100,12.5244140625,3.188775510204082
q_mul_k,0,207657,506,2052,2052,100,12.5244140625,3.188775510204082
q_mul_k,0,209709,506,2052,2052,100,12.5244140625,3.188775510204082
q_mul_k,0,211761,506,2052,2052,100,12.5244140625,3.188775510204082
q_mul_k,0,213813,506,2052,2052,100,12.5244140625,3.188775510204082
q_mul_k,0,215865,506,2052,2052,100,12.5244140625,3.188775510204082
q_mul_k,0,217917,506,2052,2052,100,12.5244140625,3.188775510204082
q_mul_k,0,219969,506,2052,2052,100,12.5244140625,3.188775510204082
q_mul_k,0,222021,506,2052,2052,100,12.5244140625,3.188775510204082
q_mul_k,0,224073,506,2052,2052,100,12.5244140625,3.188775510204082
q_mul_k,0,226125,506,2052,2052,100,12.5244140625,3.188775510204082
q_mul_k,0,228177,506,2052,2052,100,12.5244140625,3.188775510204082
q_mul_k,0,230229,506,2052,2052,100,12.5244140625,3.188775510204082
q_mul_k,0,232281,506,2052,2052,100,12.5244140625,3.188775510204082
q_mul_k,0,234333,506,2052,2052,100,12.5244140625,3.188775510204082
q_mul_k,0,236385,506,2052,2052,100,12.5244140625,3.188775510204082
q_mul_k,0,238437,506,2052,2052,100,12.5244140625,3.188775510204082
q_mul_k,0,240489,506,2052,2052,100,12.5244140625,3.188775510204082
q_mul_k,0,242541,506,2052,2052,100,12.5244140625,3.188775510204082
q_mul_k,0,244593,506,2052,2052,100,12.5244140625,3.188775510204082
q_mul_k,0,246645,506,2052,2052,100,12.5244140625,3.188775510204082
q_mul_k,0,248697,506,2052,2052,100,12.5244140625,3.188775510204082
q_mul_k,0,250749,506,2052,2052,100,12.5244140625,3.188775510204082
q_mul_k,0,252801,506,2052,2052,100,12.5244140625,3.188775510204082
q_mul_k,0,254853,506,2052,2052,100,12.5244140625,3.188775510204082
q_mul_k,0,256905,506,2052,2052,100,12.5244140625,3.188775510204082
q_mul_k,0,258957,506,2052,2052,100,12.5244140625,3.188775510204082
q_mul_k,0,261009,506,2052,2052,100,12.5244140625,3.188775510204082
q_mul_k,0,263061,506,2052,2052,100,12.5244140625,3.188775510204082
q_mul_k,0,265113,506,2052,2052,100,12.5244140625,3.188775510204082
q_mul_k,0,267165,506,2052,2052,100,12.5244140625,3.188775510204082
q_mul_k,0,269217,506,2052,2052,100,12.5244140625,3.188775510204082
q_mul_k,0,271269,506,2052,2052,100,12.5244140625,3.188775510204082
q_mul_k,0,273321,506,2052,2052,100,12.5244140625,3.188775510204082
q_mul_k,0,275373,506,2052,2052,100,12.5244140625,3.188775510204082
q_mul_k,0,277425,506,2052,2052,100,12.5244140625,3.188775510204082
q_mul_k,0,279477,506,2052,2052,100,12.5244140625,3.188775510204082
q_mul_k,0,281529,506,2052,2052,100,12.5244140625,3.188775510204082
q_mul_k,0,283581,506,2052,2052,100,12.5244140625,3.188775510204082
q_mul_k,0,285633,506,2052,2052,100,12.5244140625,3.188775510204082
q_mul_k,0,287685,506,2052,2052,100,12.5244140625,3.188775510204082
q_mul_k,0,289737,506,2052,2052,100,12.5244140625,3.188775510204082
q_mul_k,0,291789,506,2052,2052,100,12.5244140625,3.188775510204082
q_mul_k,0,293841,506,2052,2052,100,12.5244140625,3.188775510204082
q_mul_k,0,295893,506,2052,2052,100,12.5244140625,3.188775510204082
q_mul_k,0,297945,506,2052,2052,100,12.5244140625,3.188775510204082
q_mul_k,0,299997,506,2052,2052,100,12.5244140625,3.188775510204082
q_mul_k,0,302049,506,2052,2052,100,12.5244140625,3.188775510204082
q_mul_k,0,304101,506,2052,2052,100,12.5244140625,3.188775510204082
q_mul_k,0,306153,506,2052,2052,100,12.5244140625,3.188775510204082
q_mul_k,0,308205,506,2052,2052,100,12.5244140625,3.188775510204082
q_mul_k,0,310257,506,2052,2052,100,12.5244140625,3.188775510204082
q_mul_k,0,312309,506,2052,2052,100,12.5244140625,3.188775510204082
q_mul_k,0,314361,506,2052,2052,100,12.5244140625,3.188775510204082
q_mul_k,0,316413,506,2052,2052,100,12.5244140625,3.188775510204082
q_mul_k,0,318465,506,2052,2052,100,12.5244140625,3.188775510204082
q_mul_k,0,320517,506,2052,2052,100,12.5244140625,3.188775510204082
q_mul_k,0,322569,506,2052,2052,100,12.5244140625,3.188775510204082
q_mul_k,0,324621,506,2052,2052,100,12.5244140625,3.188775510204082
q_mul_k,0,326673,506,2052,2052,100,12.5244140625,3.188775510204082
q_mul_k,0,328725,506,2052,2052,100,12.5244140625,3.188775510204082
q_mul_k,0,329233,506,35,508,100,0.20771026611328125,3.188775510204082
q_mul_k,0,329507,273,1,274,100,0.20771026611328125,3.188775510204082
softmax,100.0,108544,106496,2048,108544,100,12.5,0
softmax,100.0,217088,106496,2048,108544,100,12.5,0
softmax,100.0,325632,106496,2048,108544,100,12.5,0
softmax,100.0,434176,106496,2048,108544,100,12.5,0
softmax,100.0,542720,106496,2048,108544,100,12.5,0
softmax,100.0,651264,106496,2048,108544,100,12.5,0
a_mul_v,0,2080,0,2080,2080,100,12.6953125,3.188775510204082
a_mul_v,0,4130,502,2050,2050,100,12.51220703125,3.188775510204082
a_mul_v,0,6214,502,2084,2084,100,12.7197265625,3.188775510204082
a_mul_v,0,8266,506,2052,2052,100,12.5244140625,3.188775510204082
a_mul_v,0,10350,506,2084,2084,100,12.7197265625,3.188775510204082
a_mul_v,0,12402,506,2052,2052,100,12.5244140625,3.188775510204082
a_mul_v,0,14486,506,2084,2084,100,12.7197265625,3.188775510204082
a_mul_v,0,16538,506,2052,2052,100,12.5244140625,3.188775510204082
a_mul_v,0,18622,506,2084,2084,100,12.7197265625,3.188775510204082
a_mul_v,0,20674,506,2052,2052,100,12.5244140625,3.188775510204082
a_mul_v,0,22758,506,2084,2084,100,12.7197265625,3.188775510204082
a_mul_v,0,24810,506,2052,2052,100,12.5244140625,3.188775510204082
a_mul_v,0,26894,506,2084,2084,100,12.7197265625,3.188775510204082
a_mul_v,0,28946,506,2052,2052,100,12.5244140625,3.188775510204082
a_mul_v,0,31030,506,2084,2084,100,12.7197265625,3.188775510204082
a_mul_v,0,33082,506,2052,2052,100,12.5244140625,3.188775510204082
a_mul_v,0,35166,506,2084,2084,100,12.7197265625,3.188775510204082
a_mul_v,0,37218,506,2052,2052,100,12.5244140625,3.188775510204082
a_mul_v,0,39302,506,2084,2084,100,12.7197265625,3.188775510204082
a_mul_v,0,41354,506,2052,2052,100,12.5244140625,3.188775510204082
a_mul_v,0,43438,506,2084,2084,100,12.7197265625,3.188775510204082
a_mul_v,0,45490,506,2052,2052,100,12.5244140625,3.188775510204082
a_mul_v,0,47574,506,2084,2084,100,12.7197265625,3.188775510204082
a_mul_v,0,49626,506,2052,2052,100,12.5244140625,3.188775510204082
a_mul_v,0,51710,506,2084,2084,100,12.7197265625,3.188775510204082
a_mul_v,0,53762,506,2052,2052,100,12.5244140625,3.188775510204082
a_mul_v,0,55846,506,2084,2084,100,12.7197265625,3.188775510204082
a_mul_v,0,57898,506,2052,2052,100,12.5244140625,3.188775510204082
a_mul_v,0,59982,506,2084,2084,100,12.7197265625,3.188775510204082
a_mul_v,0,62034,506,2052,2052,100,12.5244140625,3.188775510204082
a_mul_v,0,64118,506,2084,2084,100,12.7197265625,3.188775510204082
a_mul_v,0,66170,506,2052,2052,100,12.5244140625,3.188775510204082
a_mul_v,0,68254,506,2084,2084,100,12.7197265625,3.188775510204082
a_mul_v,0,70306,506,2052,2052,100,12.5244140625,3.188775510204082
a_mul_v,0,72390,506,2084,2084,100,12.7197265625,3.188775510204082
a_mul_v,0,74442,506,2052,2052,100,12.5244140625,3.188775510204082
a_mul_v,0,76526,506,2084,2084,100,12.7197265625,3.188775510204082
a_mul_v,0,78578,506,2052,2052,100,12.5244140625,3.188775510204082
a_mul_v,0,80662,506,2084,2084,100,12.7197265625,3.188775510204082
a_mul_v,0,82714,506,2052,2052,100,12.5244140625,3.188775510204082
a_mul_v,0,84798,506,2084,2084,100,12.7197265625,3.188775510204082
a_mul_v,0,86850,506,2052,2052,100,12.5244140625,3.188775510204082
a_mul_v,0,88934,506,2084,2084,100,12.7197265625,3.188775510204082
a_mul_v,0,90986,506,2052,2052,100,12.5244140625,3.188775510204082
a_mul_v,0,93070,506,2084,2084,100,12.7197265625,3.188775510204082
a_mul_v,0,95122,506,2052,2052,100,12.5244140625,3.188775510204082
a_mul_v,0,97206,506,2084,2084,100,12.7197265625,3.188775510204082
a_mul_v,0,99258,506,2052,2052,100,12.5244140625,3.188775510204082
a_mul_v,0,101342,506,2084,2084,100,12.7197265625,3.188775510204082
a_mul_v,0,103394,506,2052,2052,100,12.5244140625,3.188775510204082
a_mul_v,0,105478,506,2084,2084,100,12.7197265625,3.188775510204082
a_mul_v,0,107530,506,2052,2052,100,12.5244140625,3.188775510204082
a_mul_v,0,109614,506,2084,2084,100,12.7197265625,3.188775510204082
a_mul_v,0,111666,506,2052,2052,100,12.5244140625,3.188775510204082
a_mul_v,0,113750,506,2084,2084,100,12.7197265625,3.188775510204082
a_mul_v,0,115802,506,2052,2052,100,12.5244140625,3.188775510204082
a_mul_v,0,117886,506,2084,2084,100,12.7197265625,3.188775510204082
a_mul_v,0,119938,506,2052,2052,100,12.5244140625,3.188775510204082
a_mul_v,0,122022,506,2084,2084,100,12.7197265625,3.188775510204082
a_mul_v,0,124074,506,2052,2052,100,12.5244140625,3.188775510204082
a_mul_v,0,126158,506,2084,2084,100,12.7197265625,3.188775510204082
a_mul_v,0,128210,506,2052,2052,100,12.5244140625,3.188775510204082
a_mul_v,0,130294,506,2084,2084,100,12.7197265625,3.188775510204082
a_mul_v,0,132346,506,2052,2052,100,12.5244140625,3.188775510204082
a_mul_v,0,134430,506,2084,2084,100,12.7197265625,3.188775510204082
a_mul_v,0,136482,506,2052,2052,100,12.5244140625,3.188775510204082
a_mul_v,0,138566,506,2084,2084,100,12.7197265625,3.188775510204082
a_mul_v,0,140618,506,2052,2052,100,12.5244140625,3.188775510204082
a_mul_v,0,142702,506,2084,2084,100,12.7197265625,3.188775510204082
a_mul_v,0,144754,506,2052,2052,100,12.5244140625,3.188775510204082
a_mul_v,0,146838,506,2084,2084,100,12.7197265625,3.188775510204082
a_mul_v,0,148890,506,2052,2052,100,12.5244140625,3.188775510204082
a_mul_v,0,150974,506,2084,2084,100,12.7197265625,3.188775510204082
a_mul_v,0,153026,506,2052,2052,100,12.5244140625,3.188775510204082
a_mul_v,0,155110,506,2084,2084,100,12.7197265625,3.188775510204082
a_mul_v,0,157162,506,2052,2052,100,12.5244140625,3.188775510204082
a_mul_v,0,159246,506,2084,2084,100,12.7197265625,3.188775510204082
a_mul_v,0,161298,506,2052,2052,100,12.5244140625,3.188775510204082
a_mul_v,0,163382,506,2084,2084,100,12.7197265625,3.188775510204082
a_mul_v,0,165434,506,2052,2052,100,12.5244140625,3.188775510204082
a_mul_v,0,167518,506,2084,2084,100,12.7197265625,3.188775510204082
a_mul_v,0,169570,506,2052,2052,100,12.5244140625,3.188775510204082
a_mul_v,0,171654,506,2084,2084,100,12.7197265625,3.188775510204082
a_mul_v,0,173706,506,2052,2052,100,12.5244140625,3.188775510204082
a_mul_v,0,175790,506,2084,2084,100,12.7197265625,3.188775510204082
a_mul_v,0,177842,506,2052,2052,100,12.5244140625,3.188775510204082
a_mul_v,0,179926,506,2084,2084,100,12.7197265625,3.188775510204082
a_mul_v,0,181978,506,2052,2052,100,12.5244140625,3.188775510204082
a_mul_v,0,184062,506,2084,2084,100,12.7197265625,3.188775510204082
a_mul_v,0,186114,506,2052,2052,100,12.5244140625,3.188775510204082
a_mul_v,0,188198,506,2084,2084,100,12.7197265625,3.188775510204082
a_mul_v,0,190250,506,2052,2052,100,12.5244140625,3.188775510204082
a_mul_v,0,192334,506,2084,2084,100,12.7197265625,3.188775510204082
a_mul_v,0,194386,506,2052,2052,100,12.5244140625,3.188775510204082
a_mul_v,0,196470,506,2084,2084,100,12.7197265625,3.188775510204082
a_mul_v,0,198522,506,2052,2052,100,12.5244140625,3.188775510204082
a_mul_v,0,200606,506,2084,2084,100,12.7197265625,3.188775510204082
a_mul_v,0,202658,506,2052,2052,100,12.5244140625,3.188775510204082
a_mul_v,0,204742,506,2084,2084,100,12.7197265625,3.188775510204082
a_mul_v,0,206794,506,2052,2052,100,12.5244140625,3.188775510204082
a_mul_v,0,208878,506,2084,2084,100,12.7197265625,3.188775510204082
a_mul_v,0,210930,506,2052,2052,100,12.5244140625,3.188775510204082
a_mul_v,0,213014,506,2084,2084,100,12.7197265625,3.188775510204082
a_mul_v,0,215066,506,2052,2052,100,12.5244140625,3.188775510204082
a_mul_v,0,217150,506,2084,2084,100,12.7197265625,3.188775510204082
a_mul_v,0,219202,506,2052,2052,100,12.5244140625,3.188775510204082
a_mul_v,0,221286,506,2084,2084,100,12.7197265625,3.188775510204082
a_mul_v,0,223338,506,2052,2052,100,12.5244140625,3.188775510204082
a_mul_v,0,225422,506,2084,2084,100,12.7197265625,3.188775510204082
a_mul_v,0,227474,506,2052,2052,100,12.5244140625,3.188775510204082
a_mul_v,0,229558,506,2084,2084,100,12.7197265625,3.188775510204082
a_mul_v,0,231610,506,2052,2052,100,12.5244140625,3.188775510204082
a_mul_v,0,233694,506,2084,2084,100,12.7197265625,3.188775510204082
a_mul_v,0,235746,506,2052,2052,100,12.5244140625,3.188775510204082
a_mul_v,0,237830,506,2084,2084,100,12.7197265625,3.188775510204082
a_mul_v,0,239882,506,2052,2052,100,12.5244140625,3.188775510204082
a_mul_v,0,241966,506,2084,2084,100,12.7197265625,3.188775510204082
a_mul_v,0,244018,506,2052,2052,100,12.5244140625,3.188775510204082
a_mul_v,0,246102,506,2084,2084,100,12.7197265625,3.188775510204082
a_mul_v,0,248154,506,2052,2052,100,12.5244140625,3.188775510204082
a_mul_v,0,250238,506,2084,2084,100,12.7197265625,3.188775510204082
a_mul_v,0,252290,506,2052,2052,100,12.5244140625,3.188775510204082
a_mul_v,0,254374,506,2084,2084,100,12.7197265625,3.188775510204082
a_mul_v,0,256426,506,2052,2052,100,12.5244140625,3.188775510204082
a_mul_v,0,258510,506,2084,2084,100,12.7197265625,3.188775510204082
a_mul_v,0,260562,506,2052,2052,100,12.5244140625,3.188775510204082
a_mul_v,0,262646,506,2084,2084,100,12.7197265625,3.188775510204082
a_mul_v,0,264698,506,2052,2052,100,12.5244140625,3.188775510204082
a_mul_v,0,266782,506,2084,2084,100,12.7197265625,3.188775510204082
a_mul_v,0,268834,506,2052,2052,100,12.5244140625,3.188775510204082
a_mul_v,0,270918,506,2084,2084,100,12.7197265625,3.188775510204082
a_mul_v,0,272970,506,2052,2052,100,12.5244140625,3.188775510204082
a_mul_v,0,275054,506,2084,2084,100,12.7197265625,3.188775510204082
a_mul_v,0,277106,506,2052,2052,100,12.5244140625,3.188775510204082
a_mul_v,0,279190,506,2084,2084,100,12.7197265625,3.188775510204082
a_mul_v,0,281242,506,2052,2052,100,12.5244140625,3.188775510204082
a_mul_v,0,283326,506,2084,2084,100,12.7197265625,3.188775510204082
a_mul_v,0,285378,506,2052,2052,100,12.5244140625,3.188775510204082
a_mul_v,0,287462,506,2084,2084,100,12.7197265625,3.188775510204082
a_mul_v,0,289514,506,2052,2052,100,12.5244140625,3.188775510204082
a_mul_v,0,291598,506,2084,2084,100,12.7197265625,3.188775510204082
a_mul_v,0,293650,506,2052,2052,100,12.5244140625,3.188775510204082
a_mul_v,0,295734,506,2084,2084,100,12.7197265625,3.188775510204082
a_mul_v,0,297786,506,2052,2052,100,12.5244140625,3.188775510204082
a_mul_v,0,299870,506,2084,2084,100,12.7197265625,3.188775510204082
a_mul_v,0,301922,506,2052,2052,100,12.5244140625,3.188775510204082
a_mul_v,0,304006,506,2084,2084,100,12.7197265625,3.188775510204082
a_mul_v,0,306058,506,2052,2052,100,12.5244140625,3.188775510204082
a_mul_v,0,308142,506,2084,2084,100,12.7197265625,3.188775510204082
a_mul_v,0,310194,506,2052,2052,100,12.5244140625,3.188775510204082
a_mul_v,0,312278,506,2084,2084,100,12.7197265625,3.188775510204082
a_mul_v,0,314330,506,2052,2052,100,12.5244140625,3.188775510204082
a_mul_v,0,316414,506,2084,2084,100,12.7197265625,3.188775510204082
a_mul_v,0,318466,506,2052,2052,100,12.5244140625,3.188775510204082
a_mul_v,0,320550,506,2084,2084,100,12.7197265625,3.188775510204082
a_mul_v,0,322602,506,2052,2052,100,12.5244140625,3.188775510204082
a_mul_v,0,324686,506,2084,2084,100,12.7197265625,3.188775510204082
a_mul_v,0,326738,506,2052,2052,100,12.5244140625,3.188775510204082
a_mul_v,0,328822,506,2084,2084,100,12.7197265625,3.188775510204082
a_mul_v,0,330874,506,2052,2052,100,12.5244140625,3.188775510204082
a_mul_v,0,331382,506,37,508,100,0.2227783203125,3.188775510204082
a_mul_v,0,331427,43,36,45,100,0.2197265625,3.188775510204082
a_mul_v,0,331472,43,2,45,100,0.2197265625,3.188775510204082
w0_projection,0,2080,0,2080,2080,100,12.6953125,3.188775510204082
w0_projection,0,4130,502,2050,2050,100,12.51220703125,3.188775510204082
w0_projection,0,6180,502,2050,2050,100,12.51220703125,3.188775510204082
w0_projection,0,8230,502,2050,2050,100,12.51220703125,3.188775510204082
w0_projection,0,10280,502,2050,2050,100,12.51220703125,3.188775510204082
w0_projection,0,12330,502,2050,2050,100,12.51220703125,3.188775510204082
w0_projection,0,14380,502,2050,2050,100,12.51220703125,3.188775510204082
w0_projection,0,16430,502,2050,2050,100,12.51220703125,3.188775510204082
w0_projection,0,18480,502,2050,2050,100,12.51220703125,3.188775510204082
w0_projection,0,20530,502,2050,2050,100,12.51220703125,3.188775510204082
w0_projection,0,22580,502,2050,2050,100,12.51220703125,3.188775510204082
w0_projection,0,24630,502,2050,2050,100,12.51220703125,3.188775510204082
w0_projection,0,26680,502,2050,2050,100,12.51220703125,3.188775510204082
w0_projection,0,28730,502,2050,2050,100,12.51220703125,3.188775510204082
w0_projection,0,30780,502,2050,2050,100,12.51220703125,3.188775510204082
w0_projection,0,32830,502,2050,2050,100,12.51220703125,3.188775510204082
w0_projection,0,34880,502,2050,2050,100,12.51220703125,3.188775510204082
w0_projection,0,36930,502,2050,2050,100,12.51220703125,3.188775510204082
w0_projection,0,38980,502,2050,2050,100,12.51220703125,3.188775510204082
w0_projection,0,41030,502,2050,2050,100,12.51220703125,3.188775510204082
w0_projection,0,43080,502,2050,2050,100,12.51220703125,3.188775510204082
w0_projection,0,45130,502,2050,2050,100,12.51220703125,3.188775510204082
w0_projection,0,47180,502,2050,2050,100,12.51220703125,3.188775510204082
w0_projection,0,49230,502,2050,2050,100,12.51220703125,3.188775510204082
w0_projection,0,51280,502,2050,2050,100,12.51220703125,3.188775510204082
w0_projection,0,53330,502,2050,2050,100,12.51220703125,3.188775510204082
w0_projection,0,55380,502,2050,2050,100,12.51220703125,3.188775510204082
w0_projection,0,57430,502,2050,2050,100,12.51220703125,3.188775510204082
w0_projection,0,59480,502,2050,2050,100,12.51220703125,3.188775510204082
w0_projection,0,61530,502,2050,2050,100,12.51220703125,3.188775510204082
w0_projection,0,63580,502,2050,2050,100,12.51220703125,3.188775510204082
w0_projection,0,65630,502,2050,2050,100,12.51220703125,3.188775510204082
w0_projection,0,67714,502,2084,2084,100,12.7197265625,3.188775510204082
w0_projection,0,69766,506,2052,2052,100,12.5244140625,3.188775510204082
w0_projection,0,71818,506,2052,2052,100,12.5244140625,3.188775510204082
w0_projection,0,73870,506,2052,2052,100,12.5244140625,3.188775510204082
w0_projection,0,75922,506,2052,2052,100,12.5244140625,3.188775510204082
w0_projection,0,77974,506,2052,2052,100,12.5244140625,3.188775510204082
w0_projection,0,80026,506,2052,2052,100,12.5244140625,3.188775510204082
w0_projection,0,82078,506,2052,2052,100,12.5244140625,3.188775510204082
w0_projection,0,84130,506,2052,2052,100,12.5244140625,3.188775510204082
w0_projection,0,86182,506,2052,2052,100,12.5244140625,3.188775510204082
w0_projection,0,88234,506,2052,2052,100,12.5244140625,3.188775510204082
w0_projection,0,90286,506,2052,2052,100,12.5244140625,3.188775510204082
w0_projection,0,92338,506,2052,2052,100,12.5244140625,3.188775510204082
w0_projection,0,94390,506,2052,2052,100,12.5244140625,3.188775510204082
w0_projection,0,96442,506,2052,2052,100,12.5244140625,3.188775510204082
w0_projection,0,98494,506,2052,2052,100,12.5244140625,3.188775510204082
w0_projection,0,100546,506,2052,2052,100,12.5244140625,3.188775510204082
w0_projection,0,102598,506,2052,2052,100,12.5244140625,3.188775510204082
w0_projection,0,104650,506,2052,2052,100,12.5244140625,3.188775510204082
w0_projection,0,106702,506,2052,2052,100,12.5244140625,3.188775510204082
w0_projection,0,108754,506,2052,2052,100,12.5244140625,3.188775510204082
w0_projection,0,110806,506,2052,2052,100,12.5244140625,3.188775510204082
w0_projection,0,112858,506,2052,2052,100,12.5244140625,3.188775510204082
w0_projection,0,114910,506,2052,2052,100,12.5244140625,3.188775510204082
w0_projection,0,116962,506,2052,2052,100,12.5244140625,3.188775510204082
w0_projection,0,119014,506,2052,2052,100,12.5244140625,3.188775510204082
w0_projection,0,121066,506,2052,2052,100,12.5244140625,3.188775510204082
w0_projection,0,123118,506,2052,2052,100,12.5244140625,3.188775510204082
w0_projection,0,125170,506,2052,2052,100,12.5244140625,3.188775510204082
w0_projection,0,127222,506,2052,2052,100,12.5244140625,3.188775510204082
w0_projection,0,129274,506,2052,2052,100,12.5244140625,3.188775510204082
w0_projection,0,131326,506,2052,2052,100,12.5244140625,3.188775510204082
w0_projection,0,131834,506,2,508,100,12.5244140625,3.188775510204082
all_reduce(MHA),-1,-1,-1,-1,-1,-1,-1,-1
layernorm(FFN),0.8733624454148471,714.0,458.0,256,714.0,100,1.5625,0
w1_projection,0,2080,0,2080,2080,100,12.6953125,3.188775510204082
w1_projection,0,4130,502,2050,2050,100,12.51220703125,3.188775510204082
w1_projection,0,6180,502,2050,2050,100,12.51220703125,3.188775510204082
w1_projection,0,8230,502,2050,2050,100,12.51220703125,3.188775510204082
w1_projection,0,10280,502,2050,2050,100,12.51220703125,3.188775510204082
w1_projection,0,12330,502,2050,2050,100,12.51220703125,3.188775510204082
w1_projection,0,14380,502,2050,2050,100,12.51220703125,3.188775510204082
w1_projection,0,16430,502,2050,2050,100,12.51220703125,3.188775510204082
w1_projection,0,18480,502,2050,2050,100,12.51220703125,3.188775510204082
w1_projection,0,20530,502,2050,2050,100,12.51220703125,3.188775510204082
w1_projection,0,22580,502,2050,2050,100,12.51220703125,3.188775510204082
w1_projection,0,24630,502,2050,2050,100,12.51220703125,3.188775510204082
w1_projection,0,26680,502,2050,2050,100,12.51220703125,3.188775510204082
w1_projection,0,28730,502,2050,2050,100,12.51220703125,3.188775510204082
w1_projection,0,30780,502,2050,2050,100,12.51220703125,3.188775510204082
w1_projection,0,32830,502,2050,2050,100,12.51220703125,3.188775510204082
w1_projection,0,34880,502,2050,2050,100,12.51220703125,3.188775510204082
w1_projection,0,36930,502,2050,2050,100,12.51220703125,3.188775510204082
w1_projection,0,38980,502,2050,2050,100,12.51220703125,3.188775510204082
w1_projection,0,41030,502,2050,2050,100,12.51220703125,3.188775510204082
w1_projection,0,43080,502,2050,2050,100,12.51220703125,3.188775510204082
w1_projection,0,45130,502,2050,2050,100,12.51220703125,3.188775510204082
w1_projection,0,47180,502,2050,2050,100,12.51220703125,3.188775510204082
w1_projection,0,49230,502,2050,2050,100,12.51220703125,3.188775510204082
w1_projection,0,51280,502,2050,2050,100,12.51220703125,3.188775510204082
w1_projection,0,53330,502,2050,2050,100,12.51220703125,3.188775510204082
w1_projection,0,55380,502,2050,2050,100,12.51220703125,3.188775510204082
w1_projection,0,57430,502,2050,2050,100,12.51220703125,3.188775510204082
w1_projection,0,59480,502,2050,2050,100,12.51220703125,3.188775510204082
w1_projection,0,61530,502,2050,2050,100,12.51220703125,3.188775510204082
w1_projection,0,63580,502,2050,2050,100,12.51220703125,3.188775510204082
w1_projection,0,65630,502,2050,2050,100,12.51220703125,3.188775510204082
w1_projection,0,67680,502,2050,2050,100,12.51220703125,3.188775510204082
w1_projection,0,69730,502,2050,2050,100,12.51220703125,3.188775510204082
w1_projection,0,71780,502,2050,2050,100,12.51220703125,3.188775510204082
w1_projection,0,73830,502,2050,2050,100,12.51220703125,3.188775510204082
w1_projection,0,75880,502,2050,2050,100,12.51220703125,3.188775510204082
w1_projection,0,77930,502,2050,2050,100,12.51220703125,3.188775510204082
w1_projection,0,79980,502,2050,2050,100,12.51220703125,3.188775510204082
w1_projection,0,82030,502,2050,2050,100,12.51220703125,3.188775510204082
w1_projection,0,84080,502,2050,2050,100,12.51220703125,3.188775510204082
w1_projection,0,86130,502,2050,2050,100,12.51220703125,3.188775510204082
w1_projection,0,88180,502,2050,2050,100,12.51220703125,3.188775510204082
w1_projection,0,90230,502,2050,2050,100,12.51220703125,3.188775510204082
w1_projection,0,92280,502,2050,2050,100,12.51220703125,3.188775510204082
w1_projection,0,94330,502,2050,2050,100,12.51220703125,3.188775510204082
w1_projection,0,96380,502,2050,2050,100,12.51220703125,3.188775510204082
w1_projection,0,98430,502,2050,2050,100,12.51220703125,3.188775510204082
w1_projection,0,100480,502,2050,2050,100,12.51220703125,3.188775510204082
w1_projection,0,102530,502,2050,2050,100,12.51220703125,3.188775510204082
w1_projection,0,104580,502,2050,2050,100,12.51220703125,3.188775510204082
w1_projection,0,106630,502,2050,2050,100,12.51220703125,3.188775510204082
w1_projection,0,108680,502,2050,2050,100,12.51220703125,3.188775510204082
w1_projection,0,110730,502,2050,2050,100,12.51220703125,3.188775510204082
w1_projection,0,112780,502,2050,2050,100,12.51220703125,3.188775510204082
w1_projection,0,114830,502,2050,2050,100,12.51220703125,3.188775510204082
w1_projection,0,116880,502,2050,2050,100,12.51220703125,3.188775510204082
w1_projection,0,118930,502,2050,2050,100,12.51220703125,3.188775510204082
w1_projection,0,120980,502,2050,2050,100,12.51220703125,3.188775510204082
w1_projection,0,123030,502,2050,2050,100,12.51220703125,3.188775510204082
w1_projection,0,125080,502,2050,2050,100,12.51220703125,3.188775510204082
w1_projection,0,127130,502,2050,2050,100,12.51220703125,3.188775510204082
w1_projection,0,129180,502,2050,2050,100,12.51220703125,3.188775510204082
w1_projection,0,131230,502,2050,2050,100,12.51220703125,3.188775510204082
w1_projection,0,133280,502,2050,2050,100,12.51220703125,3.188775510204082
w1_projection,0,135330,502,2050,2050,100,12.51220703125,3.188775510204082
w1_projection,0,137380,502,2050,2050,100,12.51220703125,3.188775510204082
w1_projection,0,139430,502,2050,2050,100,12.51220703125,3.188775510204082
w1_projection,0,141480,502,2050,2050,100,12.51220703125,3.188775510204082
w1_projection,0,143530,502,2050,2050,100,12.51220703125,3.188775510204082
w1_projection,0,145580,502,2050,2050,100,12.51220703125,3.188775510204082
w1_projection,0,147630,502,2050,2050,100,12.51220703125,3.188775510204082
w1_projection,0,149680,502,2050,2050,100,12.51220703125,3.188775510204082
w1_projection,0,151730,502,2050,2050,100,12.51220703125,3.188775510204082
w1_projection,0,153780,502,2050,2050,100,12.51220703125,3.188775510204082
w1_projection,0,155830,502,2050,2050,100,12.51220703125,3.188775510204082
w1_projection,0,157880,502,2050,2050,100,12.51220703125,3.188775510204082
w1_projection,0,159930,502,2050,2050,100,12.51220703125,3.188775510204082
w1_projection,0,161980,502,2050,2050,100,12.51220703125,3.188775510204082
w1_projection,0,164030,502,2050,2050,100,12.51220703125,3.188775510204082
w1_projection,0,166080,502,2050,2050,100,12.51220703125,3.188775510204082
w1_projection,0,168130,502,2050,2050,100,12.51220703125,3.188775510204082
w1_projection,0,170180,502,2050,2050,100,12.51220703125,3.188775510204082
w1_projection,0,172230,502,2050,2050,100,12.51220703125,3.188775510204082
w1_projection,0,174280,502,2050,2050,100,12.51220703125,3.188775510204082
w1_projection,0,176330,502,2050,2050,100,12.51220703125,3.188775510204082
w1_projection,0,178380,502,2050,2050,100,12.51220703125,3.188775510204082
w1_projection,0,180430,502,2050,2050,100,12.51220703125,3.188775510204082
w1_projection,0,182480,502,2050,2050,100,12.51220703125,3.188775510204082
w1_projection,0,184530,502,2050,2050,100,12.51220703125,3.188775510204082
w1_projection,0,186580,502,2050,2050,100,12.51220703125,3.188775510204082
w1_projection,0,188630,502,2050,2050,100,12.51220703125,3.188775510204082
w1_projection,0,190680,502,2050,2050,100,12.51220703125,3.188775510204082
w1_projection,0,192730,502,2050,2050,100,12.51220703125,3.188775510204082
w1_projection,0,194780,502,2050,2050,100,12.51220703125,3.188775510204082
w1_projection,0,196830,502,2050,2050,100,12.51220703125,3.188775510204082
w1_projection,0,198880,502,2050,2050,100,12.51220703125,3.188775510204082
w1_projection,0,200930,502,2050,2050,100,12.51220703125,3.188775510204082
w1_projection,0,202980,502,2050,2050,100,12.51220703125,3.188775510204082
w1_projection,0,205030,502,2050,2050,100,12.51220703125,3.188775510204082
w1_projection,0,207080,502,2050,2050,100,12.51220703125,3.188775510204082
w1_projection,0,209130,502,2050,2050,100,12.51220703125,3.188775510204082
w1_projection,0,211180,502,2050,2050,100,12.51220703125,3.188775510204082
w1_projection,0,213230,502,2050,2050,100,12.51220703125,3.188775510204082
w1_projection,0,215280,502,2050,2050,100,12.51220703125,3.188775510204082
w1_projection,0,217330,502,2050,2050,100,12.51220703125,3.188775510204082
w1_projection,0,219380,502,2050,2050,100,12.51220703125,3.188775510204082
w1_projection,0,221430,502,2050,2050,100,12.51220703125,3.188775510204082
w1_projection,0,223480,502,2050,2050,100,12.51220703125,3.188775510204082
w1_projection,0,225530,502,2050,2050,100,12.51220703125,3.188775510204082
w1_projection,0,227580,502,2050,2050,100,12.51220703125,3.188775510204082
w1_projection,0,229630,502,2050,2050,100,12.51220703125,3.188775510204082
w1_projection,0,231680,502,2050,2050,100,12.51220703125,3.188775510204082
w1_projection,0,233730,502,2050,2050,100,12.51220703125,3.188775510204082
w1_projection,0,235780,502,2050,2050,100,12.51220703125,3.188775510204082
w1_projection,0,237830,502,2050,2050,100,12.51220703125,3.188775510204082
w1_projection,0,239880,502,2050,2050,100,12.51220703125,3.188775510204082
w1_projection,0,241930,502,2050,2050,100,12.51220703125,3.188775510204082
w1_projection,0,243980,502,2050,2050,100,12.51220703125,3.188775510204082
w1_projection,0,246030,502,2050,2050,100,12.51220703125,3.188775510204082
w1_projection,0,248080,502,2050,2050,100,12.51220703125,3.188775510204082
w1_projection,0,250130,502,2050,2050,100,12.51220703125,3.188775510204082
w1_projection,0,252180,502,2050,2050,100,12.51220703125,3.188775510204082
w1_projection,0,254230,502,2050,2050,100,12.51220703125,3.188775510204082
w1_projection,0,256280,502,2050,2050,100,12.51220703125,3.188775510204082
w1_projection,0,258330,502,2050,2050,100,12.51220703125,3.188775510204082
w1_projection,0,260380,502,2050,2050,100,12.51220703125,3.188775510204082
w1_projection,0,262430,502,2050,2050,100,12.51220703125,3.188775510204082
w1_projection,0,264514,502,2084,2084,100,12.7197265625,3.188775510204082
w1_projection,0,266566,506,2052,2052,100,12.5244140625,3.188775510204082
w1_projection,0,268618,506,2052,2052,100,12.5244140625,3.188775510204082
w1_projection,0,270670,506,2052,2052,100,12.5244140625,3.188775510204082
w1_projection,0,272722,506,2052,2052,100,12.5244140625,3.188775510204082
w1_projection,0,274774,506,2052,2052,100,12.5244140625,3.188775510204082
w1_projection,0,276826,506,2052,2052,100,12.5244140625,3.188775510204082
w1_projection,0,278878,506,2052,2052,100,12.5244140625,3.188775510204082
w1_projection,0,280930,506,2052,2052,100,12.5244140625,3.188775510204082
w1_projection,0,282982,506,2052,2052,100,12.5244140625,3.188775510204082
w1_projection,0,285034,506,2052,2052,100,12.5244140625,3.188775510204082
w1_projection,0,287086,506,2052,2052,100,12.5244140625,3.188775510204082
w1_projection,0,289138,506,2052,2052,100,12.5244140625,3.188775510204082
w1_projection,0,291190,506,2052,2052,100,12.5244140625,3.188775510204082
w1_projection,0,293242,506,2052,2052,100,12.5244140625,3.188775510204082
w1_projection,0,295294,506,2052,2052,100,12.5244140625,3.188775510204082
w1_projection,0,297346,506,2052,2052,100,12.5244140625,3.188775510204082
w1_projection,0,299398,506,2052,2052,100,12.5244140625,3.188775510204082
w1_projection,0,301450,506,2052,2052,100,12.5244140625,3.188775510204082
w1_projection,0,303502,506,2052,2052,100,12.5244140625,3.188775510204082
w1_projection,0,305554,506,2052,2052,100,12.5244140625,3.188775510204082
w1_projection,0,307606,506,2052,2052,100,12.5244140625,3.188775510204082
w1_projection,0,309658,506,2052,2052,100,12.5244140625,3.188775510204082
w1_projection,0,311710,506,2052,2052,100,12.5244140625,3.188775510204082
w1_projection,0,313762,506,2052,2052,100,12.5244140625,3.188775510204082
w1_projection,0,315814,506,2052,2052,100,12.5244140625,3.188775510204082
w1_projection,0,317866,506,2052,2052,100,12.5244140625,3.188775510204082
w1_projection,0,319918,506,2052,2052,100,12.5244140625,3.188775510204082
w1_projection,0,321970,506,2052,2052,100,12.5244140625,3.188775510204082
w1_projection,0,324022,506,2052,2052,100,12.5244140625,3.188775510204082
w1_projection,0,326074,506,2052,2052,100,12.5244140625,3.188775510204082
w1_projection,0,328126,506,2052,2052,100,12.5244140625,3.188775510204082
w1_projection,0,330178,506,2052,2052,100,12.5244140625,3.188775510204082
w1_projection,0,332230,506,2052,2052,100,12.5244140625,3.188775510204082
w1_projection,0,334282,506,2052,2052,100,12.5244140625,3.188775510204082
w1_projection,0,336334,506,2052,2052,100,12.5244140625,3.188775510204082
w1_projection,0,338386,506,2052,2052,100,12.5244140625,3.188775510204082
w1_projection,0,340438,506,2052,2052,100,12.5244140625,3.188775510204082
w1_projection,0,342490,506,2052,2052,100,12.5244140625,3.188775510204082
w1_projection,0,344542,506,2052,2052,100,12.5244140625,3.188775510204082
w1_projection,0,346594,506,2052,2052,100,12.5244140625,3.188775510204082
w1_projection,0,348646,506,2052,2052,100,12.5244140625,3.188775510204082
w1_projection,0,350698,506,2052,2052,100,12.5244140625,3.188775510204082
w1_projection,0,352750,506,2052,2052,100,12.5244140625,3.188775510204082
w1_projection,0,354802,506,2052,2052,100,12.5244140625,3.188775510204082
w1_projection,0,356854,506,2052,2052,100,12.5244140625,3.188775510204082
w1_projection,0,358906,506,2052,2052,100,12.5244140625,3.188775510204082
w1_projection,0,360958,506,2052,2052,100,12.5244140625,3.188775510204082
w1_projection,0,363010,506,2052,2052,100,12.5244140625,3.188775510204082
w1_projection,0,365062,506,2052,2052,100,12.5244140625,3.188775510204082
w1_projection,0,367114,506,2052,2052,100,12.5244140625,3.188775510204082
w1_projection,0,369166,506,2052,2052,100,12.5244140625,3.188775510204082
w1_projection,0,371218,506,2052,2052,100,12.5244140625,3.188775510204082
w1_projection,0,373270,506,2052,2052,100,12.5244140625,3.188775510204082
w1_projection,0,375322,506,2052,2052,100,12.5244140625,3.188775510204082
w1_projection,0,377374,506,2052,2052,100,12.5244140625,3.188775510204082
w1_projection,0,379426,506,2052,2052,100,12.5244140625,3.188775510204082
w1_projection,0,381478,506,2052,2052,100,12.5244140625,3.188775510204082
w1_projection,0,383530,506,2052,2052,100,12.5244140625,3.188775510204082
w1_projection,0,385582,506,2052,2052,100,12.5244140625,3.188775510204082
w1_projection,0,387634,506,2052,2052,100,12.5244140625,3.188775510204082
w1_projection,0,389686,506,2052,2052,100,12.5244140625,3.188775510204082
w1_projection,0,391738,506,2052,2052,100,12.5244140625,3.188775510204082
w1_projection,0,393790,506,2052,2052,100,12.5244140625,3.188775510204082
w1_projection,0,395842,506,2052,2052,100,12.5244140625,3.188775510204082
w1_projection,0,397894,506,2052,2052,100,12.5244140625,3.188775510204082
w1_projection,0,399946,506,2052,2052,100,12.5244140625,3.188775510204082
w1_projection,0,401998,506,2052,2052,100,12.5244140625,3.188775510204082
w1_projection,0,404050,506,2052,2052,100,12.5244140625,3.188775510204082
w1_projection,0,406102,506,2052,2052,100,12.5244140625,3.188775510204082
w1_projection,0,408154,506,2052,2052,100,12.5244140625,3.188775510204082
w1_projection,0,410206,506,2052,2052,100,12.5244140625,3.188775510204082
w1_projection,0,412258,506,2052,2052,100,12.5244140625,3.188775510204082
w1_projection,0,414310,506,2052,2052,100,12.5244140625,3.188775510204082
w1_projection,0,416362,506,2052,2052,100,12.5244140625,3.188775510204082
w1_projection,0,418414,506,2052,2052,100,12.5244140625,3.188775510204082
w1_projection,0,420466,506,2052,2052,100,12.5244140625,3.188775510204082
w1_projection,0,422518,506,2052,2052,100,12.5244140625,3.188775510204082
w1_projection,0,424570,506,2052,2052,100,12.5244140625,3.188775510204082
w1_projection,0,426622,506,2052,2052,100,12.5244140625,3.188775510204082
w1_projection,0,428674,506,2052,2052,100,12.5244140625,3.188775510204082
w1_projection,0,430726,506,2052,2052,100,12.5244140625,3.188775510204082
w1_projection,0,432778,506,2052,2052,100,12.5244140625,3.188775510204082
w1_projection,0,434830,506,2052,2052,100,12.5244140625,3.188775510204082
w1_projection,0,436882,506,2052,2052,100,12.5244140625,3.188775510204082
w1_projection,0,438934,506,2052,2052,100,12.5244140625,3.188775510204082
w1_projection,0,440986,506,2052,2052,100,12.5244140625,3.188775510204082
w1_projection,0,443038,506,2052,2052,100,12.5244140625,3.188775510204082
w1_projection,0,445090,506,2052,2052,100,12.5244140625,3.188775510204082
w1_projection,0,447142,506,2052,2052,100,12.5244140625,3.188775510204082
w1_projection,0,449194,506,2052,2052,100,12.5244140625,3.188775510204082
w1_projection,0,451246,506,2052,2052,100,12.5244140625,3.188775510204082
w1_projection,0,453298,506,2052,2052,100,12.5244140625,3.188775510204082
w1_projection,0,455350,506,2052,2052,100,12.5244140625,3.188775510204082
w1_projection,0,457402,506,2052,2052,100,12.5244140625,3.188775510204082
w1_projection,0,459454,506,2052,2052,100,12.5244140625,3.188775510204082
w1_projection,0,461506,506,2052,2052,100,12.5244140625,3.188775510204082
w1_projection,0,463558,506,2052,2052,100,12.5244140625,3.188775510204082
w1_projection,0,465610,506,2052,2052,100,12.5244140625,3.188775510204082
w1_projection,0,467662,506,2052,2052,100,12.5244140625,3.188775510204082
w1_projection,0,469714,506,2052,2052,100,12.5244140625,3.188775510204082
w1_projection,0,471766,506,2052,2052,100,12.5244140625,3.188775510204082
w1_projection,0,473818,506,2052,2052,100,12.5244140625,3.188775510204082
w1_projection,0,475870,506,2052,2052,100,12.5244140625,3.188775510204082
w1_projection,0,477922,506,2052,2052,100,12.5244140625,3.188775510204082
w1_projection,0,479974,506,2052,2052,100,12.5244140625,3.188775510204082
w1_projection,0,482026,506,2052,2052,100,12.5244140625,3.188775510204082
w1_projection,0,484078,506,2052,2052,100,12.5244140625,3.188775510204082
w1_projection,0,486130,506,2052,2052,100,12.5244140625,3.188775510204082
w1_projection,0,488182,506,2052,2052,100,12.5244140625,3.188775510204082
w1_projection,0,490234,506,2052,2052,100,12.5244140625,3.188775510204082
w1_projection,0,492286,506,2052,2052,100,12.5244140625,3.188775510204082
w1_projection,0,494338,506,2052,2052,100,12.5244140625,3.188775510204082
w1_projection,0,496390,506,2052,2052,100,12.5244140625,3.188775510204082
w1_projection,0,498442,506,2052,2052,100,12.5244140625,3.188775510204082
w1_projection,0,500494,506,2052,2052,100,12.5244140625,3.188775510204082
w1_projection,0,502546,506,2052,2052,100,12.5244140625,3.188775510204082
w1_projection,0,504598,506,2052,2052,100,12.5244140625,3.188775510204082
w1_projection,0,506650,506,2052,2052,100,12.5244140625,3.188775510204082
w1_projection,0,508702,506,2052,2052,100,12.5244140625,3.188775510204082
w1_projection,0,510754,506,2052,2052,100,12.5244140625,3.188775510204082
w1_projection,0,512806,506,2052,2052,100,12.5244140625,3.188775510204082
w1_projection,0,514858,506,2052,2052,100,12.5244140625,3.188775510204082
w1_projection,0,516910,506,2052,2052,100,12.5244140625,3.188775510204082
w1_projection,0,518962,506,2052,2052,100,12.5244140625,3.188775510204082
w1_projection,0,521014,506,2052,2052,100,12.5244140625,3.188775510204082
w1_projection,0,523066,506,2052,2052,100,12.5244140625,3.188775510204082
w1_projection,0,525118,506,2052,2052,100,12.5244140625,3.188775510204082
w1_projection,0,525626,506,2,508,100,12.5244140625,3.188775510204082
gelu,100,12800.0,12800.0,512.0,12800.0,100,3.125,-1
w2_projection,0,2080,0,2080,2080,100,12.6953125,3.188775510204082
w2_projection,0,4130,502,2050,2050,100,12.51220703125,3.188775510204082
w2_projection,0,6180,502,2050,2050,100,12.51220703125,3.188775510204082
w2_projection,0,8230,502,2050,2050,100,12.51220703125,3.188775510204082
w2_projection,0,10280,502,2050,2050,100,12.51220703125,3.188775510204082
w2_projection,0,12330,502,2050,2050,100,12.51220703125,3.188775510204082
w2_projection,0,14380,502,2050,2050,100,12.51220703125,3.188775510204082
w2_projection,0,16430,502,2050,2050,100,12.51220703125,3.188775510204082
w2_projection,0,18480,502,2050,2050,100,12.51220703125,3.188775510204082
w2_projection,0,20530,502,2050,2050,100,12.51220703125,3.188775510204082
w2_projection,0,22580,502,2050,2050,100,12.51220703125,3.188775510204082
w2_projection,0,24630,502,2050,2050,100,12.51220703125,3.188775510204082
w2_projection,0,26680,502,2050,2050,100,12.51220703125,3.188775510204082
w2_projection,0,28730,502,2050,2050,100,12.51220703125,3.188775510204082
w2_projection,0,30780,502,2050,2050,100,12.51220703125,3.188775510204082
w2_projection,0,32830,502,2050,2050,100,12.51220703125,3.188775510204082
w2_projection,0,34880,502,2050,2050,100,12.51220703125,3.188775510204082
w2_projection,0,36930,502,2050,2050,100,12.51220703125,3.188775510204082
w2_projection,0,38980,502,2050,2050,100,12.51220703125,3.188775510204082
w2_projection,0,41030,502,2050,2050,100,12.51220703125,3.188775510204082
w2_projection,0,43080,502,2050,2050,100,12.51220703125,3.188775510204082
w2_projection,0,45130,502,2050,2050,100,12.51220703125,3.188775510204082
w2_projection,0,47180,502,2050,2050,100,12.51220703125,3.188775510204082
w2_projection,0,49230,502,2050,2050,100,12.51220703125,3.188775510204082
w2_projection,0,51280,502,2050,2050,100,12.51220703125,3.188775510204082
w2_projection,0,53330,502,2050,2050,100,12.51220703125,3.188775510204082
w2_projection,0,55380,502,2050,2050,100,12.51220703125,3.188775510204082
w2_projection,0,57430,502,2050,2050,100,12.51220703125,3.188775510204082
w2_projection,0,59480,502,2050,2050,100,12.51220703125,3.188775510204082
w2_projection,0,61530,502,2050,2050,100,12.51220703125,3.188775510204082
w2_projection,0,63580,502,2050,2050,100,12.51220703125,3.188775510204082
w2_projection,0,65630,502,2050,2050,100,12.51220703125,3.188775510204082
w2_projection,0,67714,502,2084,2084,100,12.7197265625,3.188775510204082
w2_projection,0,69766,506,2052,2052,100,12.5244140625,3.188775510204082
w2_projection,0,71818,506,2052,2052,100,12.5244140625,3.188775510204082
w2_projection,0,73870,506,2052,2052,100,12.5244140625,3.188775510204082
w2_projection,0,75922,506,2052,2052,100,12.5244140625,3.188775510204082
w2_projection,0,77974,506,2052,2052,100,12.5244140625,3.188775510204082
w2_projection,0,80026,506,2052,2052,100,12.5244140625,3.188775510204082
w2_projection,0,82078,506,2052,2052,100,12.5244140625,3.188775510204082
w2_projection,0,84130,506,2052,2052,100,12.5244140625,3.188775510204082
w2_projection,0,86182,506,2052,2052,100,12.5244140625,3.188775510204082
w2_projection,0,88234,506,2052,2052,100,12.5244140625,3.188775510204082
w2_projection,0,90286,506,2052,2052,100,12.5244140625,3.188775510204082
w2_projection,0,92338,506,2052,2052,100,12.5244140625,3.188775510204082
w2_projection,0,94390,506,2052,2052,100,12.5244140625,3.188775510204082
w2_projection,0,96442,506,2052,2052,100,12.5244140625,3.188775510204082
w2_projection,0,98494,506,2052,2052,100,12.5244140625,3.188775510204082
w2_projection,0,100546,506,2052,2052,100,12.5244140625,3.188775510204082
w2_projection,0,102598,506,2052,2052,100,12.5244140625,3.188775510204082
w2_projection,0,104650,506,2052,2052,100,12.5244140625,3.188775510204082
w2_projection,0,106702,506,2052,2052,100,12.5244140625,3.188775510204082
w2_projection,0,108754,506,2052,2052,100,12.5244140625,3.188775510204082
w2_projection,0,110806,506,2052,2052,100,12.5244140625,3.188775510204082
w2_projection,0,112858,506,2052,2052,100,12.5244140625,3.188775510204082
w2_projection,0,114910,506,2052,2052,100,12.5244140625,3.188775510204082
w2_projection,0,116962,506,2052,2052,100,12.5244140625,3.188775510204082
w2_projection,0,119014,506,2052,2052,100,12.5244140625,3.188775510204082
w2_projection,0,121066,506,2052,2052,100,12.5244140625,3.188775510204082
w2_projection,0,123118,506,2052,2052,100,12.5244140625,3.188775510204082
w2_projection,0,125170,506,2052,2052,100,12.5244140625,3.188775510204082
w2_projection,0,127222,506,2052,2052,100,12.5244140625,3.188775510204082
w2_projection,0,129274,506,2052,2052,100,12.5244140625,3.188775510204082
w2_projection,0,131326,506,2052,2052,100,12.5244140625,3.188775510204082
w2_projection,0,133410,506,2084,2084,100,12.7197265625,3.188775510204082
w2_projection,0,135462,506,2052,2052,100,12.5244140625,3.188775510204082
w2_projection,0,137514,506,2052,2052,100,12.5244140625,3.188775510204082
w2_projection,0,139566,506,2052,2052,100,12.5244140625,3.188775510204082
w2_projection,0,141618,506,2052,2052,100,12.5244140625,3.188775510204082
w2_projection,0,143670,506,2052,2052,100,12.5244140625,3.188775510204082
w2_projection,0,145722,506,2052,2052,100,12.5244140625,3.188775510204082
w2_projection,0,147774,506,2052,2052,100,12.5244140625,3.188775510204082
w2_projection,0,149826,506,2052,2052,100,12.5244140625,3.188775510204082
w2_projection,0,151878,506,2052,2052,100,12.5244140625,3.188775510204082
w2_projection,0,153930,506,2052,2052,100,12.5244140625,3.188775510204082
w2_projection,0,155982,506,2052,2052,100,12.5244140625,3.188775510204082
w2_projection,0,158034,506,2052,2052,100,12.5244140625,3.188775510204082
w2_projection,0,160086,506,2052,2052,100,12.5244140625,3.188775510204082
w2_projection,0,162138,506,2052,2052,100,12.5244140625,3.188775510204082
w2_projection,0,164190,506,2052,2052,100,12.5244140625,3.188775510204082
w2_projection,0,166242,506,2052,2052,100,12.5244140625,3.188775510204082
w2_projection,0,168294,506,2052,2052,100,12.5244140625,3.188775510204082
w2_projection,0,170346,506,2052,2052,100,12.5244140625,3.188775510204082
w2_projection,0,172398,506,2052,2052,100,12.5244140625,3.188775510204082
w2_projection,0,174450,506,2052,2052,100,12.5244140625,3.188775510204082
w2_projection,0,176502,506,2052,2052,100,12.5244140625,3.188775510204082
w2_projection,0,178554,506,2052,2052,100,12.5244140625,3.188775510204082
w2_projection,0,180606,506,2052,2052,100,12.5244140625,3.188775510204082
w2_projection,0,182658,506,2052,2052,100,12.5244140625,3.188775510204082
w2_projection,0,184710,506,2052,2052,100,12.5244140625,3.188775510204082
w2_projection,0,186762,506,2052,2052,100,12.5244140625,3.188775510204082
w2_projection,0,188814,506,2052,2052,100,12.5244140625,3.188775510204082
w2_projection,0,190866,506,2052,2052,100,12.5244140625,3.188775510204082
w2_projection,0,192918,506,2052,2052,100,12.5244140625,3.188775510204082
w2_projection,0,194970,506,2052,2052,100,12.5244140625,3.188775510204082
w2_projection,0,197022,506,2052,2052,100,12.5244140625,3.188775510204082
w2_projection,0,199106,506,2084,2084,100,12.7197265625,3.188775510204082
w2_projection,0,201158,506,2052,2052,100,12.5244140625,3.188775510204082
w2_projection,0,203210,506,2052,2052,100,12.5244140625,3.188775510204082
w2_projection,0,205262,506,2052,2052,100,12.5244140625,3.188775510204082
w2_projection,0,207314,506,2052,2052,100,12.5244140625,3.188775510204082
w2_projection,0,209366,506,2052,2052,100,12.5244140625,3.188775510204082
w2_projection,0,211418,506,2052,2052,100,12.5244140625,3.188775510204082
w2_projection,0,213470,506,2052,2052,100,12.5244140625,3.188775510204082
w2_projection,0,215522,506,2052,2052,100,12.5244140625,3.188775510204082
w2_projection,0,217574,506,2052,2052,100,12.5244140625,3.188775510204082
w2_projection,0,219626,506,2052,2052,100,12.5244140625,3.188775510204082
w2_projection,0,221678,506,2052,2052,100,12.5244140625,3.188775510204082
w2_projection,0,223730,506,2052,2052,100,12.5244140625,3.188775510204082
w2_projection,0,225782,506,2052,2052,100,12.5244140625,3.188775510204082
w2_projection,0,227834,506,2052,2052,100,12.5244140625,3.188775510204082
w2_projection,0,229886,506,2052,2052,100,12.5244140625,3.188775510204082
w2_projection,0,231938,506,2052,2052,100,12.5244140625,3.188775510204082
w2_projection,0,233990,506,2052,2052,100,12.5244140625,3.188775510204082
w2_projection,0,236042,506,2052,2052,100,12.5244140625,3.188775510204082
w2_projection,0,238094,506,2052,2052,100,12.5244140625,3.188775510204082
w2_projection,0,240146,506,2052,2052,100,12.5244140625,3.188775510204082
w2_projection,0,242198,506,2052,2052,100,12.5244140625,3.188775510204082
w2_projection,0,244250,506,2052,2052,100,12.5244140625,3.188775510204082
w2_projection,0,246302,506,2052,2052,100,12.5244140625,3.188775510204082
w2_projection,0,248354,506,2052,2052,100,12.5244140625,3.188775510204082
w2_projection,0,250406,506,2052,2052,100,12.5244140625,3.188775510204082
w2_projection,0,252458,506,2052,2052,100,12.5244140625,3.188775510204082
w2_projection,0,254510,506,2052,2052,100,12.5244140625,3.188775510204082
w2_projection,0,256562,506,2052,2052,100,12.5244140625,3.188775510204082
w2_projection,0,258614,506,2052,2052,100,12.5244140625,3.188775510204082
w2_projection,0,260666,506,2052,2052,100,12.5244140625,3.188775510204082
w2_projection,0,262718,506,2052,2052,100,12.5244140625,3.188775510204082
w2_projection,0,264802,506,2084,2084,100,12.7197265625,3.188775510204082
w2_projection,0,266854,506,2052,2052,100,12.5244140625,3.188775510204082
w2_projection,0,268906,506,2052,2052,100,12.5244140625,3.188775510204082
w2_projection,0,270958,506,2052,2052,100,12.5244140625,3.188775510204082
w2_projection,0,273010,506,2052,2052,100,12.5244140625,3.188775510204082
w2_projection,0,275062,506,2052,2052,100,12.5244140625,3.188775510204082
w2_projection,0,277114,506,2052,2052,100,12.5244140625,3.188775510204082
w2_projection,0,279166,506,2052,2052,100,12.5244140625,3.188775510204082
w2_projection,0,281218,506,2052,2052,100,12.5244140625,3.188775510204082
w2_projection,0,283270,506,2052,2052,100,12.5244140625,3.188775510204082
w2_projection,0,285322,506,2052,2052,100,12.5244140625,3.188775510204082
w2_projection,0,287374,506,2052,2052,100,12.5244140625,3.188775510204082
w2_projection,0,289426,506,2052,2052,100,12.5244140625,3.188775510204082
w2_projection,0,291478,506,2052,2052,100,12.5244140625,3.188775510204082
w2_projection,0,293530,506,2052,2052,100,12.5244140625,3.188775510204082
w2_projection,0,295582,506,2052,2052,100,12.5244140625,3.188775510204082
w2_projection,0,297634,506,2052,2052,100,12.5244140625,3.188775510204082
w2_projection,0,299686,506,2052,2052,100,12.5244140625,3.188775510204082
w2_projection,0,301738,506,2052,2052,100,12.5244140625,3.188775510204082
w2_projection,0,303790,506,2052,2052,100,12.5244140625,3.188775510204082
w2_projection,0,305842,506,2052,2052,100,12.5244140625,3.188775510204082
w2_projection,0,307894,506,2052,2052,100,12.5244140625,3.188775510204082
w2_projection,0,309946,506,2052,2052,100,12.5244140625,3.188775510204082
w2_projection,0,311998,506,2052,2052,100,12.5244140625,3.188775510204082
w2_projection,0,314050,506,2052,2052,100,12.5244140625,3.188775510204082
w2_projection,0,316102,506,2052,2052,100,12.5244140625,3.188775510204082
w2_projection,0,318154,506,2052,2052,100,12.5244140625,3.188775510204082
w2_projection,0,320206,506,2052,2052,100,12.5244140625,3.188775510204082
w2_projection,0,322258,506,2052,2052,100,12.5244140625,3.188775510204082
w2_projection,0,324310,506,2052,2052,100,12.5244140625,3.188775510204082
w2_projection,0,326362,506,2052,2052,100,12.5244140625,3.188775510204082
w2_projection,0,328414,506,2052,2052,100,12.5244140625,3.188775510204082
w2_projection,0,330498,506,2084,2084,100,12.7197265625,3.188775510204082
w2_projection,0,332550,506,2052,2052,100,12.5244140625,3.188775510204082
w2_projection,0,334602,506,2052,2052,100,12.5244140625,3.188775510204082
w2_projection,0,336654,506,2052,2052,100,12.5244140625,3.188775510204082
w2_projection,0,338706,506,2052,2052,100,12.5244140625,3.188775510204082
w2_projection,0,340758,506,2052,2052,100,12.5244140625,3.188775510204082
w2_projection,0,342810,506,2052,2052,100,12.5244140625,3.188775510204082
w2_projection,0,344862,506,2052,2052,100,12.5244140625,3.188775510204082
w2_projection,0,346914,506,2052,2052,100,12.5244140625,3.188775510204082
w2_projection,0,348966,506,2052,2052,100,12.5244140625,3.188775510204082
w2_projection,0,351018,506,2052,2052,100,12.5244140625,3.188775510204082
w2_projection,0,353070,506,2052,2052,100,12.5244140625,3.188775510204082
w2_projection,0,355122,506,2052,2052,100,12.5244140625,3.188775510204082
w2_projection,0,357174,506,2052,2052,100,12.5244140625,3.188775510204082
w2_projection,0,359226,506,2052,2052,100,12.5244140625,3.188775510204082
w2_projection,0,361278,506,2052,2052,100,12.5244140625,3.188775510204082
w2_projection,0,363330,506,2052,2052,100,12.5244140625,3.188775510204082
w2_projection,0,365382,506,2052,2052,100,12.5244140625,3.188775510204082
w2_projection,0,367434,506,2052,2052,100,12.5244140625,3.188775510204082
w2_projection,0,369486,506,2052,2052,100,12.5244140625,3.188775510204082
w2_projection,0,371538,506,2052,2052,100,12.5244140625,3.188775510204082
w2_projection,0,373590,506,2052,2052,100,12.5244140625,3.188775510204082
w2_projection,0,375642,506,2052,2052,100,12.5244140625,3.188775510204082
w2_projection,0,377694,506,2052,2052,100,12.5244140625,3.188775510204082
w2_projection,0,379746,506,2052,2052,100,12.5244140625,3.188775510204082
w2_projection,0,381798,506,2052,2052,100,12.5244140625,3.188775510204082
w2_projection,0,383850,506,2052,2052,100,12.5244140625,3.188775510204082
w2_projection,0,385902,506,2052,2052,100,12.5244140625,3.188775510204082
w2_projection,0,387954,506,2052,2052,100,12.5244140625,3.188775510204082
w2_projection,0,390006,506,2052,2052,100,12.5244140625,3.188775510204082
w2_projection,0,392058,506,2052,2052,100,12.5244140625,3.188775510204082
w2_projection,0,394110,506,2052,2052,100,12.5244140625,3.188775510204082
w2_projection,0,396194,506,2084,2084,100,12.7197265625,3.188775510204082
w2_projection,0,398246,506,2052,2052,100,12.5244140625,3.188775510204082
w2_projection,0,400298,506,2052,2052,100,12.5244140625,3.188775510204082
w2_projection,0,402350,506,2052,2052,100,12.5244140625,3.188775510204082
w2_projection,0,404402,506,2052,2052,100,12.5244140625,3.188775510204082
w2_projection,0,406454,506,2052,2052,100,12.5244140625,3.188775510204082
w2_projection,0,408506,506,2052,2052,100,12.5244140625,3.188775510204082
w2_projection,0,410558,506,2052,2052,100,12.5244140625,3.188775510204082
w2_projection,0,412610,506,2052,2052,100,12.5244140625,3.188775510204082
w2_projection,0,414662,506,2052,2052,100,12.5244140625,3.188775510204082
w2_projection,0,416714,506,2052,2052,100,12.5244140625,3.188775510204082
w2_projection,0,418766,506,2052,2052,100,12.5244140625,3.188775510204082
w2_projection,0,420818,506,2052,2052,100,12.5244140625,3.188775510204082
w2_projection,0,422870,506,2052,2052,100,12.5244140625,3.188775510204082
w2_projection,0,424922,506,2052,2052,100,12.5244140625,3.188775510204082
w2_projection,0,426974,506,2052,2052,100,12.5244140625,3.188775510204082
w2_projection,0,429026,506,2052,2052,100,12.5244140625,3.188775510204082
w2_projection,0,431078,506,2052,2052,100,12.5244140625,3.188775510204082
w2_projection,0,433130,506,2052,2052,100,12.5244140625,3.188775510204082
w2_projection,0,435182,506,2052,2052,100,12.5244140625,3.188775510204082
w2_projection,0,437234,506,2052,2052,100,12.5244140625,3.188775510204082
w2_projection,0,439286,506,2052,2052,100,12.5244140625,3.188775510204082
w2_projection,0,441338,506,2052,2052,100,12.5244140625,3.188775510204082
w2_projection,0,443390,506,2052,2052,100,12.5244140625,3.188775510204082
w2_projection,0,445442,506,2052,2052,100,12.5244140625,3.188775510204082
w2_projection,0,447494,506,2052,2052,100,12.5244140625,3.188775510204082
w2_projection,0,449546,506,2052,2052,100,12.5244140625,3.188775510204082
w2_projection,0,451598,506,2052,2052,100,12.5244140625,3.188775510204082
w2_projection,0,453650,506,2052,2052,100,12.5244140625,3.188775510204082
w2_projection,0,455702,506,2052,2052,100,12.5244140625,3.188775510204082
w2_projection,0,457754,506,2052,2052,100,12.5244140625,3.188775510204082
w2_projection,0,459806,506,2052,2052,100,12.5244140625,3.188775510204082
w2_projection,0,461890,506,2084,2084,100,12.7197265625,3.188775510204082
w2_projection,0,463942,506,2052,2052,100,12.5244140625,3.188775510204082
w2_projection,0,465994,506,2052,2052,100,12.5244140625,3.188775510204082
w2_projection,0,468046,506,2052,2052,100,12.5244140625,3.188775510204082
w2_projection,0,470098,506,2052,2052,100,12.5244140625,3.188775510204082
w2_projection,0,472150,506,2052,2052,100,12.5244140625,3.188775510204082
w2_projection,0,474202,506,2052,2052,100,12.5244140625,3.188775510204082
w2_projection,0,476254,506,2052,2052,100,12.5244140625,3.188775510204082
w2_projection,0,478306,506,2052,2052,100,12.5244140625,3.188775510204082
w2_projection,0,480358,506,2052,2052,100,12.5244140625,3.188775510204082
w2_projection,0,482410,506,2052,2052,100,12.5244140625,3.188775510204082
w2_projection,0,484462,506,2052,2052,100,12.5244140625,3.188775510204082
w2_projection,0,486514,506,2052,2052,100,12.5244140625,3.188775510204082
w2_projection,0,488566,506,2052,2052,100,12.5244140625,3.188775510204082
w2_projection,0,490618,506,2052,2052,100,12.5244140625,3.188775510204082
w2_projection,0,492670,506,2052,2052,100,12.5244140625,3.188775510204082
w2_projection,0,494722,506,2052,2052,100,12.5244140625,3.188775510204082
w2_projection,0,496774,506,2052,2052,100,12.5244140625,3.188775510204082
w2_projection,0,498826,506,2052,2052,100,12.5244140625,3.188775510204082
w2_projection,0,500878,506,2052,2052,100,12.5244140625,3.188775510204082
w2_projection,0,502930,506,2052,2052,100,12.5244140625,3.188775510204082
w2_projection,0,504982,506,2052,2052,100,12.5244140625,3.188775510204082
w2_projection,0,507034,506,2052,2052,100,12.5244140625,3.188775510204082
w2_projection,0,509086,506,2052,2052,100,12.5244140625,3.188775510204082
w2_projection,0,511138,506,2052,2052,100,12.5244140625,3.188775510204082
w2_projection,0,513190,506,2052,2052,100,12.5244140625,3.188775510204082
w2_projection,0,515242,506,2052,2052,100,12.5244140625,3.188775510204082
w2_projection,0,517294,506,2052,2052,100,12.5244140625,3.188775510204082
w2_projection,0,519346,506,2052,2052,100,12.5244140625,3.188775510204082
w2_projection,0,521398,506,2052,2052,100,12.5244140625,3.188775510204082
w2_projection,0,523450,506,2052,2052,100,12.5244140625,3.188775510204082
w2_projection,0,525502,506,2052,2052,100,12.5244140625,3.188775510204082
w2_projection,0,526010,506,2,508,100,12.5244140625,3.188775510204082
